model,data,auc,acc,recall,precision,f1
LightGBM,test,0.8629918106900204,0.7778566359119943,0.8235294117647058,0.554954954954955,0.6630785791173305
XGBClassifier,test,0.8597806711617454,0.7672107877927609,0.8181818181818182,0.5406360424028268,0.651063829787234
LogisticRegression,test,0.8577604691415432,0.7501774308019872,0.8262032085561497,0.5184563758389261,0.6371134020618556
RandomForestClassifer,test,0.8514247332661655,0.7643718949609652,0.8181818181818182,0.5368421052631579,0.6483050847457628
